{
  "topk_experiment": {
    "1": {
      "search_times": [
        0.00251007080078125,
        0.0007748603820800781,
        0.0007658004760742188,
        0.0006592273712158203,
        0.0006492137908935547,
        0.0006880760192871094,
        0.0006568431854248047,
        0.0006473064422607422,
        0.0006709098815917969,
        0.0006740093231201172
      ],
      "retrieval_times": [
        1.5020370483398438e-05,
        1.0967254638671875e-05,
        4.291534423828125e-06,
        8.821487426757812e-06,
        1.3113021850585938e-05,
        4.76837158203125e-06,
        4.291534423828125e-06,
        3.814697265625e-06,
        6.9141387939453125e-06,
        4.0531158447265625e-06
      ],
      "llm_times": [
        2.1357219219207764,
        0.7557868957519531,
        3.6916720867156982,
        0.816929817199707,
        3.504605293273926,
        3.553194999694824,
        4.177024841308594,
        2.0964910984039307,
        1.0699620246887207,
        0.8272886276245117
      ],
      "total_times": [
        2.138247013092041,
        0.7565727233886719,
        3.6924421787261963,
        0.8175978660583496,
        3.50526762008667,
        3.5538878440856934,
        4.177685976028442,
        2.097142219543457,
        1.0706398487091064,
        0.8279666900634766
      ],
      "avg_search": 0.0008696317672729492,
      "avg_retrieval": 7.605552673339843e-06,
      "avg_llm": 2.2628677606582643,
      "avg_total": 2.2637449979782103
    },
    "3": {
      "search_times": [
        0.0010402202606201172,
        0.0006382465362548828,
        0.0006458759307861328,
        0.0006747245788574219,
        0.0006437301635742188,
        0.0006909370422363281,
        0.000675201416015625,
        0.0006961822509765625,
        0.0006330013275146484,
        0.0033452510833740234
      ],
      "retrieval_times": [
        4.76837158203125e-06,
        4.76837158203125e-06,
        5.245208740234375e-06,
        5.245208740234375e-06,
        4.0531158447265625e-06,
        5.245208740234375e-06,
        3.814697265625e-06,
        3.814697265625e-06,
        4.0531158447265625e-06,
        5.0067901611328125e-06
      ],
      "llm_times": [
        4.541224002838135,
        4.695828914642334,
        3.8835229873657227,
        5.2411229610443115,
        1.7736148834228516,
        1.269521951675415,
        5.001194000244141,
        4.501354932785034,
        4.231897830963135,
        4.513749837875366
      ],
      "total_times": [
        4.542268991470337,
        4.696471929550171,
        3.884174108505249,
        5.241802930831909,
        1.7742626667022705,
        1.2702181339263916,
        5.001873016357422,
        4.502054929733276,
        4.232534885406494,
        4.517100095748901
      ],
      "avg_search": 0.0009683370590209961,
      "avg_retrieval": 4.601478576660156e-06,
      "avg_llm": 3.9653032302856444,
      "avg_total": 3.966276168823242
    },
    "5": {
      "search_times": [
        0.0007548332214355469,
        0.0007228851318359375,
        0.0006520748138427734,
        0.0007188320159912109,
        0.0007390975952148438,
        0.0006580352783203125,
        0.0006883144378662109,
        0.0006473064422607422,
        0.0006768703460693359,
        0.0006480216979980469
      ],
      "retrieval_times": [
        6.9141387939453125e-06,
        4.76837158203125e-06,
        5.245208740234375e-06,
        5.0067901611328125e-06,
        6.198883056640625e-06,
        5.0067901611328125e-06,
        3.814697265625e-06,
        4.76837158203125e-06,
        5.0067901611328125e-06,
        5.245208740234375e-06
      ],
      "llm_times": [
        4.826019048690796,
        5.756201267242432,
        5.6695778369903564,
        6.218904972076416,
        2.084320068359375,
        2.331058979034424,
        6.118190050125122,
        4.775983095169067,
        4.57035493850708,
        5.778706789016724
      ],
      "total_times": [
        4.826780796051025,
        5.75692892074585,
        5.6702351570129395,
        6.219628810882568,
        2.0850653648376465,
        2.3317220211029053,
        6.118882179260254,
        4.77663516998291,
        4.5710368156433105,
        5.779360055923462
      ],
      "avg_search": 0.000690627098083496,
      "avg_retrieval": 5.197525024414063e-06,
      "avg_llm": 4.812931704521179,
      "avg_total": 4.813627529144287
    },
    "10": {
      "search_times": [
        0.0022509098052978516,
        0.0008640289306640625,
        0.0006639957427978516,
        0.0007622241973876953,
        0.0006949901580810547,
        0.0007030963897705078,
        0.0006999969482421875,
        0.0006709098815917969,
        0.0007638931274414062,
        0.0006799697875976562
      ],
      "retrieval_times": [
        8.821487426757812e-06,
        7.867813110351562e-06,
        5.9604644775390625e-06,
        6.9141387939453125e-06,
        1.0967254638671875e-05,
        6.9141387939453125e-06,
        8.106231689453125e-06,
        5.9604644775390625e-06,
        7.152557373046875e-06,
        1.0967254638671875e-05
      ],
      "llm_times": [
        4.3416829109191895,
        8.21507215499878,
        7.951323986053467,
        8.864314079284668,
        6.624281167984009,
        7.533645153045654,
        8.76768708229065,
        7.2960591316223145,
        6.871949672698975,
        7.07083797454834
      ],
      "total_times": [
        4.343942642211914,
        8.215944051742554,
        7.951993942260742,
        8.86508321762085,
        6.6249871253967285,
        7.534355163574219,
        8.768395185470581,
        7.296736001968384,
        6.872720718383789,
        7.071528911590576
      ],
      "avg_search": 0.000875401496887207,
      "avg_retrieval": 7.963180541992187e-06,
      "avg_llm": 7.353685331344605,
      "avg_total": 7.354568696022033
    }
  },
  "batch_experiment": {
    "1": {
      "total_time": 0.05240917205810547,
      "avg_time_per_query": 0.000818893313407898,
      "throughput": 1221.1602947866436,
      "num_batches": 64
    },
    "4": {
      "total_time": 0.050647735595703125,
      "avg_time_per_query": 0.0007913708686828613,
      "throughput": 1263.6300369059275,
      "num_batches": 16
    },
    "8": {
      "total_time": 0.041860103607177734,
      "avg_time_per_query": 0.0006540641188621521,
      "throughput": 1528.9020925649584,
      "num_batches": 8
    },
    "16": {
      "total_time": 0.03975677490234375,
      "avg_time_per_query": 0.0006211996078491211,
      "throughput": 1609.7885242755708,
      "num_batches": 4
    },
    "32": {
      "total_time": 0.007561922073364258,
      "avg_time_per_query": 0.00011815503239631653,
      "throughput": 8463.456695147712,
      "num_batches": 2
    },
    "64": {
      "total_time": 0.0033369064331054688,
      "avg_time_per_query": 5.213916301727295e-05,
      "throughput": 19179.44098313804,
      "num_batches": 1
    },
    "128": {
      "total_time": 0.0029981136322021484,
      "avg_time_per_query": 4.684552550315857e-05,
      "throughput": 21346.755944333996,
      "num_batches": 1
    }
  },
  "encoder_experiment": {
    "BGE-base": {
      "dimension": 768,
      "encoder_load_time": 1.9510133266448975,
      "document_encoding_time": 174.34111309051514,
      "index_build_time": 0.0025451183319091797,
      "avg_query_encoding": 0.016658520698547362,
      "avg_search_time": 0.0007086038589477539,
      "avg_total_time": 0.017367124557495117,
      "encoding_times": [
        0.015152692794799805,
        0.018076181411743164,
        0.01722121238708496,
        0.014860868453979492,
        0.017876863479614258,
        0.01663374900817871,
        0.01691913604736328,
        0.015643835067749023,
        0.016420841217041016,
        0.017779827117919922
      ],